{
"lengthUnit": "mil",
"remark": [],
"components": {
	"fields": ["COMPONENT_NO", "COMPONENT_NAME", "LAYER", "X_COORDINATE", "Y_COORDINATE", "ANGLE"],
	"rows": [
		[1, "C1", "T", 1365, -1390, 0],
		[2, "C2", "T", 3150, -1265, 0],
		[3, "H1", "T", 1264, -766.481, 270],
		[4, "LED1", "T", 330, -650, 0],
		[5, "LED2", "T", 565, -335, 0],
		[6, "LED3", "T", 905, -185, 0],
		[7, "LED4", "T", 1320, -220, 0],
		[8, "LED5", "T", 1655, -570, 0],
		[9, "LED6", "T", 2235, -580, 0],
		[10, "LED7", "T", 2605, -240, 0],
		[11, "LED8", "T", 3110, -245, 0],
		[12, "LED9", "T", 3465, -410, 0],
		[13, "LED10", "T", 3600, -720, 0],
		[14, "P1", "T", 3031.041, -1573.258, 0],
		[15, "R1", "T", 705, -1375, 0],
		[16, "R2", "T", 1945, -1410, 0],
		[17, "R3", "T", 675, -1790, 0],
		[18, "U1", "T", 1055, -1920, 90],
		[19, "U2", "T", 1975, -1875, 0],
		[20, "PAD1", "T", 1325.63, -1390, 0],
		[21, "PAD1", "B", 1325.63, -1390, 0],
		[22, "PAD2", "T", 1404.37, -1390, 0],
		[23, "PAD2", "B", 1404.37, -1390, 0],
		[24, "PAD3", "T", 3050, -1265, 0],
		[25, "PAD3", "B", 3050, -1265, 0],
		[26, "PAD4", "T", 3250, -1265, 0],
		[27, "PAD4", "B", 3250, -1265, 0],
		[28, "PAD5", "T", 1264, -716.481, 0],
		[29, "PAD5", "B", 1264, -716.481, 0],
		[30, "PAD6", "T", 1264, -816.481, 0],
		[31, "PAD6", "B", 1264, -816.481, 0],
		[32, "PAD7", "T", 280, -650, 0],
		[33, "PAD7", "B", 280, -650, 0],
		[34, "PAD8", "T", 380, -650, 0],
		[35, "PAD8", "B", 380, -650, 0],
		[36, "PAD9", "T", 515, -335, 0],
		[37, "PAD9", "B", 515, -335, 0],
		[38, "PAD10", "T", 615, -335, 0],
		[39, "PAD10", "B", 615, -335, 0],
		[40, "PAD11", "T", 855, -185, 0],
		[41, "PAD11", "B", 855, -185, 0],
		[42, "PAD12", "T", 955, -185, 0],
		[43, "PAD12", "B", 955, -185, 0],
		[44, "PAD13", "T", 1270, -220, 0],
		[45, "PAD13", "B", 1270, -220, 0],
		[46, "PAD14", "T", 1370, -220, 0],
		[47, "PAD14", "B", 1370, -220, 0],
		[48, "PAD15", "T", 1605, -570, 0],
		[49, "PAD15", "B", 1605, -570, 0],
		[50, "PAD16", "T", 1705, -570, 0],
		[51, "PAD16", "B", 1705, -570, 0],
		[52, "PAD17", "T", 2185, -580, 0],
		[53, "PAD17", "B", 2185, -580, 0],
		[54, "PAD18", "T", 2285, -580, 0],
		[55, "PAD18", "B", 2285, -580, 0],
		[56, "PAD19", "T", 2555, -240, 0],
		[57, "PAD19", "B", 2555, -240, 0],
		[58, "PAD20", "T", 2655, -240, 0],
		[59, "PAD20", "B", 2655, -240, 0],
		[60, "PAD21", "T", 3060, -245, 0],
		[61, "PAD21", "B", 3060, -245, 0],
		[62, "PAD22", "T", 3160, -245, 0],
		[63, "PAD22", "B", 3160, -245, 0],
		[64, "PAD23", "T", 3415, -410, 0],
		[65, "PAD23", "B", 3415, -410, 0],
		[66, "PAD24", "T", 3515, -410, 0],
		[67, "PAD24", "B", 3515, -410, 0],
		[68, "PAD25", "T", 3550, -720, 0],
		[69, "PAD25", "B", 3550, -720, 0],
		[70, "PAD26", "T", 3650, -720, 0],
		[71, "PAD26", "B", 3650, -720, 0],
		[72, "PAD27", "T", 3031.041, -1573.258, 0],
		[73, "PAD27", "B", 3031.041, -1573.258, 0],
		[74, "PAD28", "T", 498.31, -1375, 0],
		[75, "PAD28", "B", 498.31, -1375, 0],
		[76, "PAD29", "T", 911.69, -1375, 0],
		[77, "PAD29", "B", 911.69, -1375, 0],
		[78, "PAD30", "T", 1738.305, -1410, 0],
		[79, "PAD30", "B", 1738.305, -1410, 0],
		[80, "PAD31", "T", 2151.695, -1410, 0],
		[81, "PAD31", "B", 2151.695, -1410, 0],
		[82, "PAD32", "T", 675, -1790.005, 0],
		[83, "PAD32", "B", 675, -1790.005, 0],
		[84, "PAD33", "T", 675, -1691.575, 0],
		[85, "PAD33", "B", 675, -1691.575, 0],
		[86, "PAD34", "T", 675, -1888.425, 0],
		[87, "PAD34", "B", 675, -1888.425, 0],
		[88, "PAD35", "T", 1205, -2070, 0],
		[89, "PAD35", "B", 1205, -2070, 0],
		[90, "PAD36", "T", 1205, -1970, 0],
		[91, "PAD36", "B", 1205, -1970, 0],
		[92, "PAD37", "T", 1205, -1870, 0],
		[93, "PAD37", "B", 1205, -1870, 0],
		[94, "PAD38", "T", 1205, -1770, 0],
		[95, "PAD38", "B", 1205, -1770, 0],
		[96, "PAD39", "T", 905, -2070, 0],
		[97, "PAD39", "B", 905, -2070, 0],
		[98, "PAD40", "T", 905, -1970, 0],
		[99, "PAD40", "B", 905, -1970, 0],
		[100, "PAD41", "T", 905, -1870, 0],
		[101, "PAD41", "B", 905, -1870, 0],
		[102, "PAD42", "T", 905, -1770, 0],
		[103, "PAD42", "B", 905, -1770, 0],
		[104, "PAD43", "T", 1625, -2031.3, 0],
		[105, "PAD43", "B", 1625, -2031.3, 0],
		[106, "PAD44", "T", 1625, -1718.7, 0],
		[107, "PAD44", "B", 1625, -1718.7, 0],
		[108, "PAD45", "T", 1725, -2031.3, 0],
		[109, "PAD45", "B", 1725, -2031.3, 0],
		[110, "PAD46", "T", 1725, -1718.7, 0],
		[111, "PAD46", "B", 1725, -1718.7, 0],
		[112, "PAD47", "T", 1825, -2031.3, 0],
		[113, "PAD47", "B", 1825, -2031.3, 0],
		[114, "PAD48", "T", 1825, -1718.7, 0],
		[115, "PAD48", "B", 1825, -1718.7, 0],
		[116, "PAD49", "T", 1925, -2031.3, 0],
		[117, "PAD49", "B", 1925, -2031.3, 0],
		[118, "PAD50", "T", 1925, -1718.7, 0],
		[119, "PAD50", "B", 1925, -1718.7, 0],
		[120, "PAD51", "T", 2025, -2031.3, 0],
		[121, "PAD51", "B", 2025, -2031.3, 0],
		[122, "PAD52", "T", 2125, -2031.3, 0],
		[123, "PAD52", "B", 2125, -2031.3, 0],
		[124, "PAD53", "T", 2125, -1718.7, 0],
		[125, "PAD53", "B", 2125, -1718.7, 0],
		[126, "PAD54", "T", 2225, -2031.3, 0],
		[127, "PAD54", "B", 2225, -2031.3, 0],
		[128, "PAD55", "T", 2225, -1718.7, 0],
		[129, "PAD55", "B", 2225, -1718.7, 0],
		[130, "PAD56", "T", 2325, -2031.3, 0],
		[131, "PAD56", "B", 2325, -2031.3, 0],
		[132, "PAD57", "T", 2325, -1718.7, 0],
		[133, "PAD57", "B", 2325, -1718.7, 0]
	]
},
"pins": {
	"fields": ["PIN_NO", "PIN_NAME", "PIN_X", "PIN_Y", "LAYER", "PIN_TYPE", "NET_NAME", "NET_TYPE", "PAD_SHAPE", "PAD_SIZEX", "PAD_SIZEY", "HOLE_SIZE", "HOLE_LEN", "PAD_ANGLE"],
	"rows": [
		[1, "C1_1", 1325.63, -1390, "T", "DIP", "$1N1808", "", "C", 51.181, 51.181, 31.496, 31.496, 0],
		[2, "C1_1", 1325.63, -1390, "B", "DIP", "$1N1808", "", "C", 51.181, 51.181, 31.496, 31.496, 0],
		[3, "C1_2", 1404.37, -1390, "T", "DIP", "$1N2211", "", "C", 51.181, 51.181, 31.496, 31.496, 0],
		[4, "C1_2", 1404.37, -1390, "B", "DIP", "$1N2211", "", "C", 51.181, 51.181, 31.496, 31.496, 0],
		[5, "C2_1", 3050, -1265, "T", "DIP", "$1N2211", "", "C", 70.866, 70.866, 47.244, 47.244, 0],
		[6, "C2_1", 3050, -1265, "B", "DIP", "$1N2211", "", "C", 70.866, 70.866, 47.244, 47.244, 0],
		[7, "C2_2", 3250, -1265, "T", "DIP", "$1N1830", "", "C", 70.866, 70.866, 47.244, 47.244, 0],
		[8, "C2_2", 3250, -1265, "B", "DIP", "$1N1830", "", "C", 70.866, 70.866, 47.244, 47.244, 0],
		[9, "H1_1", 1264, -716.481, "T", "DIP", "$1N1669", "", "R", 78.74, 78.74, 47.244, 47.244, 270],
		[10, "H1_1", 1264, -716.481, "B", "DIP", "$1N1669", "", "R", 78.74, 78.74, 47.244, 47.244, 270],
		[11, "H1_2", 1264, -816.481, "T", "DIP", "$1N2211", "", "C", 78.74, 78.74, 47.244, 47.244, 270],
		[12, "H1_2", 1264, -816.481, "B", "DIP", "$1N2211", "", "C", 78.74, 78.74, 47.244, 47.244, 270],
		[13, "LED1_1", 280, -650, "T", "DIP", "$1N1515", "", "C", 70.866, 70.866, 39.37, 39.37, 0],
		[14, "LED1_1", 280, -650, "B", "DIP", "$1N1515", "", "C", 70.866, 70.866, 39.37, 39.37, 0],
		[15, "LED1_2", 380, -650, "T", "DIP", "$1N1415", "", "C", 70.866, 70.866, 39.37, 39.37, 0],
		[16, "LED1_2", 380, -650, "B", "DIP", "$1N1415", "", "C", 70.866, 70.866, 39.37, 39.37, 0],
		[17, "LED2_1", 515, -335, "T", "DIP", "$1N1515", "", "C", 70.866, 70.866, 39.37, 39.37, 0],
		[18, "LED2_1", 515, -335, "B", "DIP", "$1N1515", "", "C", 70.866, 70.866, 39.37, 39.37, 0],
		[19, "LED2_2", 615, -335, "T", "DIP", "$1N1443", "", "C", 70.866, 70.866, 39.37, 39.37, 0],
		[20, "LED2_2", 615, -335, "B", "DIP", "$1N1443", "", "C", 70.866, 70.866, 39.37, 39.37, 0],
		[21, "LED3_1", 855, -185, "T", "DIP", "$1N1515", "", "C", 70.866, 70.866, 39.37, 39.37, 0],
		[22, "LED3_1", 855, -185, "B", "DIP", "$1N1515", "", "C", 70.866, 70.866, 39.37, 39.37, 0],
		[23, "LED3_2", 955, -185, "T", "DIP", "$1N1452", "", "C", 70.866, 70.866, 39.37, 39.37, 0],
		[24, "LED3_2", 955, -185, "B", "DIP", "$1N1452", "", "C", 70.866, 70.866, 39.37, 39.37, 0],
		[25, "LED4_1", 1270, -220, "T", "DIP", "$1N1515", "", "C", 70.866, 70.866, 39.37, 39.37, 0],
		[26, "LED4_1", 1270, -220, "B", "DIP", "$1N1515", "", "C", 70.866, 70.866, 39.37, 39.37, 0],
		[27, "LED4_2", 1370, -220, "T", "DIP", "$1N1462", "", "C", 70.866, 70.866, 39.37, 39.37, 0],
		[28, "LED4_2", 1370, -220, "B", "DIP", "$1N1462", "", "C", 70.866, 70.866, 39.37, 39.37, 0],
		[29, "LED5_1", 1605, -570, "T", "DIP", "$1N1515", "", "C", 70.866, 70.866, 39.37, 39.37, 0],
		[30, "LED5_1", 1605, -570, "B", "DIP", "$1N1515", "", "C", 70.866, 70.866, 39.37, 39.37, 0],
		[31, "LED5_2", 1705, -570, "T", "DIP", "$1N1469", "", "C", 70.866, 70.866, 39.37, 39.37, 0],
		[32, "LED5_2", 1705, -570, "B", "DIP", "$1N1469", "", "C", 70.866, 70.866, 39.37, 39.37, 0],
		[33, "LED6_1", 2185, -580, "T", "DIP", "$1N1515", "", "C", 70.866, 70.866, 39.37, 39.37, 0],
		[34, "LED6_1", 2185, -580, "B", "DIP", "$1N1515", "", "C", 70.866, 70.866, 39.37, 39.37, 0],
		[35, "LED6_2", 2285, -580, "T", "DIP", "$1N1474", "", "C", 70.866, 70.866, 39.37, 39.37, 0],
		[36, "LED6_2", 2285, -580, "B", "DIP", "$1N1474", "", "C", 70.866, 70.866, 39.37, 39.37, 0],
		[37, "LED7_1", 2555, -240, "T", "DIP", "$1N1515", "", "C", 70.866, 70.866, 39.37, 39.37, 0],
		[38, "LED7_1", 2555, -240, "B", "DIP", "$1N1515", "", "C", 70.866, 70.866, 39.37, 39.37, 0],
		[39, "LED7_2", 2655, -240, "T", "DIP", "$1N1481", "", "C", 70.866, 70.866, 39.37, 39.37, 0],
		[40, "LED7_2", 2655, -240, "B", "DIP", "$1N1481", "", "C", 70.866, 70.866, 39.37, 39.37, 0],
		[41, "LED8_1", 3060, -245, "T", "DIP", "$1N1515", "", "C", 70.866, 70.866, 39.37, 39.37, 0],
		[42, "LED8_1", 3060, -245, "B", "DIP", "$1N1515", "", "C", 70.866, 70.866, 39.37, 39.37, 0],
		[43, "LED8_2", 3160, -245, "T", "DIP", "$1N1488", "", "C", 70.866, 70.866, 39.37, 39.37, 0],
		[44, "LED8_2", 3160, -245, "B", "DIP", "$1N1488", "", "C", 70.866, 70.866, 39.37, 39.37, 0],
		[45, "LED9_1", 3415, -410, "T", "DIP", "$1N1515", "", "C", 70.866, 70.866, 39.37, 39.37, 0],
		[46, "LED9_1", 3415, -410, "B", "DIP", "$1N1515", "", "C", 70.866, 70.866, 39.37, 39.37, 0],
		[47, "LED9_2", 3515, -410, "T", "DIP", "$1N1495", "", "C", 70.866, 70.866, 39.37, 39.37, 0],
		[48, "LED9_2", 3515, -410, "B", "DIP", "$1N1495", "", "C", 70.866, 70.866, 39.37, 39.37, 0],
		[49, "LED10_1", 3550, -720, "T", "DIP", "$1N1515", "", "C", 70.866, 70.866, 39.37, 39.37, 0],
		[50, "LED10_1", 3550, -720, "B", "DIP", "$1N1515", "", "C", 70.866, 70.866, 39.37, 39.37, 0],
		[51, "LED10_2", 3650, -720, "T", "DIP", "$1N1502", "", "C", 70.866, 70.866, 39.37, 39.37, 0],
		[52, "LED10_2", 3650, -720, "B", "DIP", "$1N1502", "", "C", 70.866, 70.866, 39.37, 39.37, 0],
		[53, "P1_1", 3031.041, -1573.258, "T", "DIP", "$1N2219", "", "R", 66.929, 66.929, 43.308, 43.308, 0],
		[54, "P1_1", 3031.041, -1573.258, "B", "DIP", "$1N2219", "", "R", 66.929, 66.929, 43.308, 43.308, 0],
		[55, "R1_1", 498.31, -1375, "T", "DIP", "$1N2211", "", "C", 55.118, 55.118, 27.56, 27.56, 0],
		[56, "R1_1", 498.31, -1375, "B", "DIP", "$1N2211", "", "C", 55.118, 55.118, 27.56, 27.56, 0],
		[57, "R1_2", 911.69, -1375, "T", "DIP", "$1N1515", "", "C", 55.118, 55.118, 27.56, 27.56, 0],
		[58, "R1_2", 911.69, -1375, "B", "DIP", "$1N1515", "", "C", 55.118, 55.118, 27.56, 27.56, 0],
		[59, "R2_1", 1738.305, -1410, "T", "DIP", "$1N1753", "", "C", 62.992, 62.992, 36, 36, 0],
		[60, "R2_1", 1738.305, -1410, "B", "DIP", "$1N1753", "", "C", 62.992, 62.992, 36, 36, 0],
		[61, "R2_2", 2151.695, -1410, "T", "DIP", "$1N1669", "", "C", 62.992, 62.992, 36, 36, 0],
		[62, "R2_2", 2151.695, -1410, "B", "DIP", "$1N1669", "", "C", 62.992, 62.992, 36, 36, 0],
		[63, "R3_1", 675, -1691.575, "T", "DIP", "$1N1808", "", "C", 60, 60, 30, 30, 270],
		[64, "R3_1", 675, -1691.575, "B", "DIP", "$1N1808", "", "C", 60, 60, 30, 30, 270],
		[65, "R3_2", 675, -1790.005, "T", "DIP", "$1N1753", "", "C", 60, 60, 30, 30, 270],
		[66, "R3_2", 675, -1790.005, "B", "DIP", "$1N1753", "", "C", 60, 60, 30, 30, 270],
		[67, "R3_3", 675, -1888.425, "T", "DIP", "$1N1753", "", "C", 60, 60, 30, 30, 270],
		[68, "R3_3", 675, -1888.425, "B", "DIP", "$1N1753", "", "C", 60, 60, 30, 30, 270],
		[69, "U1_1", 1205, -2070, "T", "DIP", "$1N2211", "", "R", 59.055, 59.055, 35.434, 35.434, 90],
		[70, "U1_1", 1205, -2070, "B", "DIP", "$1N2211", "", "R", 59.055, 59.055, 35.434, 35.434, 90],
		[71, "U1_2", 1205, -1970, "T", "DIP", "$1N1808", "", "C", 59.055, 59.055, 35.434, 35.434, 180],
		[72, "U1_2", 1205, -1970, "B", "DIP", "$1N1808", "", "C", 59.055, 59.055, 35.434, 35.434, 180],
		[73, "U1_3", 1205, -1870, "T", "DIP", "$1N2219", "", "C", 59.055, 59.055, 35.434, 35.434, 180],
		[74, "U1_3", 1205, -1870, "B", "DIP", "$1N2219", "", "C", 59.055, 59.055, 35.434, 35.434, 180],
		[75, "U1_4", 1205, -1770, "T", "DIP", "$1N1669", "", "C", 59.055, 59.055, 35.434, 35.434, 180],
		[76, "U1_4", 1205, -1770, "B", "DIP", "$1N1669", "", "C", 59.055, 59.055, 35.434, 35.434, 180],
		[77, "U1_5", 905, -1770, "T", "DIP", "$1N1830", "", "C", 59.055, 59.055, 35.434, 35.434, 180],
		[78, "U1_5", 905, -1770, "B", "DIP", "$1N1830", "", "C", 59.055, 59.055, 35.434, 35.434, 180],
		[79, "U1_6", 905, -1870, "T", "DIP", "$1N1808", "", "C", 59.055, 59.055, 35.434, 35.434, 180],
		[80, "U1_6", 905, -1870, "B", "DIP", "$1N1808", "", "C", 59.055, 59.055, 35.434, 35.434, 180],
		[81, "U1_7", 905, -1970, "T", "DIP", "$1N1753", "", "C", 59.055, 59.055, 35.434, 35.434, 180],
		[82, "U1_7", 905, -1970, "B", "DIP", "$1N1753", "", "C", 59.055, 59.055, 35.434, 35.434, 180],
		[83, "U1_8", 905, -2070, "T", "DIP", "$1N1669", "", "C", 59.055, 59.055, 35.434, 35.434, 180],
		[84, "U1_8", 905, -2070, "B", "DIP", "$1N1669", "", "C", 59.055, 59.055, 35.434, 35.434, 180],
		[85, "U2_1", 1625, -2031.3, "T", "DIP", "$1N1474", "", "O", 56.693, 70.866, 31.496, 31.496, 0],
		[86, "U2_1", 1625, -2031.3, "B", "DIP", "$1N1474", "", "O", 56.693, 70.866, 31.496, 31.496, 0],
		[87, "U2_2", 1725, -2031.3, "T", "DIP", "$1N1443", "", "O", 56.693, 70.866, 31.496, 31.496, 0],
		[88, "U2_2", 1725, -2031.3, "B", "DIP", "$1N1443", "", "O", 56.693, 70.866, 31.496, 31.496, 0],
		[89, "U2_3", 1825, -2031.3, "T", "DIP", "$1N1415", "", "O", 56.693, 70.866, 31.496, 31.496, 0],
		[90, "U2_3", 1825, -2031.3, "B", "DIP", "$1N1415", "", "O", 56.693, 70.866, 31.496, 31.496, 0],
		[91, "U2_4", 1925, -2031.3, "T", "DIP", "$1N1452", "", "O", 56.693, 70.866, 31.496, 31.496, 0],
		[92, "U2_4", 1925, -2031.3, "B", "DIP", "$1N1452", "", "O", 56.693, 70.866, 31.496, 31.496, 0],
		[93, "U2_5", 2025, -2031.3, "T", "DIP", "$1N1481", "", "O", 56.693, 70.866, 31.496, 31.496, 0],
		[94, "U2_5", 2025, -2031.3, "B", "DIP", "$1N1481", "", "O", 56.693, 70.866, 31.496, 31.496, 0],
		[95, "U2_6", 2125, -2031.3, "T", "DIP", "$1N1488", "", "O", 56.693, 70.866, 31.496, 31.496, 0],
		[96, "U2_6", 2125, -2031.3, "B", "DIP", "$1N1488", "", "O", 56.693, 70.866, 31.496, 31.496, 0],
		[97, "U2_7", 2225, -2031.3, "T", "DIP", "$1N1462", "", "O", 56.693, 70.866, 31.496, 31.496, 0],
		[98, "U2_7", 2225, -2031.3, "B", "DIP", "$1N1462", "", "O", 56.693, 70.866, 31.496, 31.496, 0],
		[99, "U2_8", 2325, -2031.3, "T", "DIP", "$1N2211", "", "O", 56.693, 70.866, 31.496, 31.496, 0],
		[100, "U2_8", 2325, -2031.3, "B", "DIP", "$1N2211", "", "O", 56.693, 70.866, 31.496, 31.496, 0],
		[101, "U2_9", 2325, -1718.7, "T", "DIP", "$1N1495", "", "O", 56.693, 70.866, 31.496, 31.496, 0],
		[102, "U2_9", 2325, -1718.7, "B", "DIP", "$1N1495", "", "O", 56.693, 70.866, 31.496, 31.496, 0],
		[103, "U2_10", 2225, -1718.7, "T", "DIP", "$1N1469", "", "O", 56.693, 70.866, 31.496, 31.496, 0],
		[104, "U2_10", 2225, -1718.7, "B", "DIP", "$1N1469", "", "O", 56.693, 70.866, 31.496, 31.496, 0],
		[105, "U2_11", 2125, -1718.7, "T", "DIP", "$1N1502", "", "O", 56.693, 70.866, 31.496, 31.496, 0],
		[106, "U2_11", 2125, -1718.7, "B", "DIP", "$1N1502", "", "O", 56.693, 70.866, 31.496, 31.496, 0],
		[107, "U2_12", 2025, -1718.7, "T", "DIP", "NET_1", "", "O", 56.693, 70.866, 31.496, 31.496, 0],
		[108, "U2_12", 2025, -1718.7, "B", "DIP", "NET_1", "", "O", 56.693, 70.866, 31.496, 31.496, 0],
		[109, "U2_13", 1925, -1718.7, "T", "DIP", "$1N2211", "", "O", 56.693, 70.866, 31.496, 31.496, 0],
		[110, "U2_13", 1925, -1718.7, "B", "DIP", "$1N2211", "", "O", 56.693, 70.866, 31.496, 31.496, 0],
		[111, "U2_14", 1825, -1718.7, "T", "DIP", "$1N2219", "", "O", 56.693, 70.866, 31.496, 31.496, 0],
		[112, "U2_14", 1825, -1718.7, "B", "DIP", "$1N2219", "", "O", 56.693, 70.866, 31.496, 31.496, 0],
		[113, "U2_15", 1725, -1718.7, "T", "DIP", "$1N2211", "", "O", 56.693, 70.866, 31.496, 31.496, 0],
		[114, "U2_15", 1725, -1718.7, "B", "DIP", "$1N2211", "", "O", 56.693, 70.866, 31.496, 31.496, 0],
		[115, "U2_16", 1625, -1718.7, "T", "DIP", "$1N1669", "", "O", 56.693, 70.866, 31.496, 31.496, 0],
		[116, "U2_16", 1625, -1718.7, "B", "DIP", "$1N1669", "", "O", 56.693, 70.866, 31.496, 31.496, 0],
		[117, "PAD1_1", 1325.63, -1390, "T", "DIP", "$1N1808", "", "C", 51.181, 51.181, 31.496, 31.496, 0],
		[118, "PAD1_1", 1325.63, -1390, "B", "DIP", "$1N1808", "", "C", 51.181, 51.181, 31.496, 31.496, 0],
		[119, "PAD2_2", 1404.37, -1390, "T", "DIP", "$1N2211", "", "C", 51.181, 51.181, 31.496, 31.496, 0],
		[120, "PAD2_2", 1404.37, -1390, "B", "DIP", "$1N2211", "", "C", 51.181, 51.181, 31.496, 31.496, 0],
		[121, "PAD3_1", 3050, -1265, "T", "DIP", "$1N2211", "", "C", 70.866, 70.866, 47.244, 47.244, 0],
		[122, "PAD3_1", 3050, -1265, "B", "DIP", "$1N2211", "", "C", 70.866, 70.866, 47.244, 47.244, 0],
		[123, "PAD4_2", 3250, -1265, "T", "DIP", "$1N1830", "", "C", 70.866, 70.866, 47.244, 47.244, 0],
		[124, "PAD4_2", 3250, -1265, "B", "DIP", "$1N1830", "", "C", 70.866, 70.866, 47.244, 47.244, 0],
		[125, "PAD5_1", 1264, -716.481, "T", "DIP", "$1N1669", "", "R", 78.74, 78.74, 47.244, 47.244, 270],
		[126, "PAD5_1", 1264, -716.481, "B", "DIP", "$1N1669", "", "R", 78.74, 78.74, 47.244, 47.244, 270],
		[127, "PAD6_2", 1264, -816.481, "T", "DIP", "$1N2211", "", "C", 78.74, 78.74, 47.244, 47.244, 270],
		[128, "PAD6_2", 1264, -816.481, "B", "DIP", "$1N2211", "", "C", 78.74, 78.74, 47.244, 47.244, 270],
		[129, "PAD7_1", 280, -650, "T", "DIP", "$1N1515", "", "C", 70.866, 70.866, 39.37, 39.37, 0],
		[130, "PAD7_1", 280, -650, "B", "DIP", "$1N1515", "", "C", 70.866, 70.866, 39.37, 39.37, 0],
		[131, "PAD8_2", 380, -650, "T", "DIP", "$1N1415", "", "C", 70.866, 70.866, 39.37, 39.37, 0],
		[132, "PAD8_2", 380, -650, "B", "DIP", "$1N1415", "", "C", 70.866, 70.866, 39.37, 39.37, 0],
		[133, "PAD9_1", 515, -335, "T", "DIP", "$1N1515", "", "C", 70.866, 70.866, 39.37, 39.37, 0],
		[134, "PAD9_1", 515, -335, "B", "DIP", "$1N1515", "", "C", 70.866, 70.866, 39.37, 39.37, 0],
		[135, "PAD10_2", 615, -335, "T", "DIP", "$1N1443", "", "C", 70.866, 70.866, 39.37, 39.37, 0],
		[136, "PAD10_2", 615, -335, "B", "DIP", "$1N1443", "", "C", 70.866, 70.866, 39.37, 39.37, 0],
		[137, "PAD11_1", 855, -185, "T", "DIP", "$1N1515", "", "C", 70.866, 70.866, 39.37, 39.37, 0],
		[138, "PAD11_1", 855, -185, "B", "DIP", "$1N1515", "", "C", 70.866, 70.866, 39.37, 39.37, 0],
		[139, "PAD12_2", 955, -185, "T", "DIP", "$1N1452", "", "C", 70.866, 70.866, 39.37, 39.37, 0],
		[140, "PAD12_2", 955, -185, "B", "DIP", "$1N1452", "", "C", 70.866, 70.866, 39.37, 39.37, 0],
		[141, "PAD13_1", 1270, -220, "T", "DIP", "$1N1515", "", "C", 70.866, 70.866, 39.37, 39.37, 0],
		[142, "PAD13_1", 1270, -220, "B", "DIP", "$1N1515", "", "C", 70.866, 70.866, 39.37, 39.37, 0],
		[143, "PAD14_2", 1370, -220, "T", "DIP", "$1N1462", "", "C", 70.866, 70.866, 39.37, 39.37, 0],
		[144, "PAD14_2", 1370, -220, "B", "DIP", "$1N1462", "", "C", 70.866, 70.866, 39.37, 39.37, 0],
		[145, "PAD15_1", 1605, -570, "T", "DIP", "$1N1515", "", "C", 70.866, 70.866, 39.37, 39.37, 0],
		[146, "PAD15_1", 1605, -570, "B", "DIP", "$1N1515", "", "C", 70.866, 70.866, 39.37, 39.37, 0],
		[147, "PAD16_2", 1705, -570, "T", "DIP", "$1N1469", "", "C", 70.866, 70.866, 39.37, 39.37, 0],
		[148, "PAD16_2", 1705, -570, "B", "DIP", "$1N1469", "", "C", 70.866, 70.866, 39.37, 39.37, 0],
		[149, "PAD17_1", 2185, -580, "T", "DIP", "$1N1515", "", "C", 70.866, 70.866, 39.37, 39.37, 0],
		[150, "PAD17_1", 2185, -580, "B", "DIP", "$1N1515", "", "C", 70.866, 70.866, 39.37, 39.37, 0],
		[151, "PAD18_2", 2285, -580, "T", "DIP", "$1N1474", "", "C", 70.866, 70.866, 39.37, 39.37, 0],
		[152, "PAD18_2", 2285, -580, "B", "DIP", "$1N1474", "", "C", 70.866, 70.866, 39.37, 39.37, 0],
		[153, "PAD19_1", 2555, -240, "T", "DIP", "$1N1515", "", "C", 70.866, 70.866, 39.37, 39.37, 0],
		[154, "PAD19_1", 2555, -240, "B", "DIP", "$1N1515", "", "C", 70.866, 70.866, 39.37, 39.37, 0],
		[155, "PAD20_2", 2655, -240, "T", "DIP", "$1N1481", "", "C", 70.866, 70.866, 39.37, 39.37, 0],
		[156, "PAD20_2", 2655, -240, "B", "DIP", "$1N1481", "", "C", 70.866, 70.866, 39.37, 39.37, 0],
		[157, "PAD21_1", 3060, -245, "T", "DIP", "$1N1515", "", "C", 70.866, 70.866, 39.37, 39.37, 0],
		[158, "PAD21_1", 3060, -245, "B", "DIP", "$1N1515", "", "C", 70.866, 70.866, 39.37, 39.37, 0],
		[159, "PAD22_2", 3160, -245, "T", "DIP", "$1N1488", "", "C", 70.866, 70.866, 39.37, 39.37, 0],
		[160, "PAD22_2", 3160, -245, "B", "DIP", "$1N1488", "", "C", 70.866, 70.866, 39.37, 39.37, 0],
		[161, "PAD23_1", 3415, -410, "T", "DIP", "$1N1515", "", "C", 70.866, 70.866, 39.37, 39.37, 0],
		[162, "PAD23_1", 3415, -410, "B", "DIP", "$1N1515", "", "C", 70.866, 70.866, 39.37, 39.37, 0],
		[163, "PAD24_2", 3515, -410, "T", "DIP", "$1N1495", "", "C", 70.866, 70.866, 39.37, 39.37, 0],
		[164, "PAD24_2", 3515, -410, "B", "DIP", "$1N1495", "", "C", 70.866, 70.866, 39.37, 39.37, 0],
		[165, "PAD25_1", 3550, -720, "T", "DIP", "$1N1515", "", "C", 70.866, 70.866, 39.37, 39.37, 0],
		[166, "PAD25_1", 3550, -720, "B", "DIP", "$1N1515", "", "C", 70.866, 70.866, 39.37, 39.37, 0],
		[167, "PAD26_2", 3650, -720, "T", "DIP", "$1N1502", "", "C", 70.866, 70.866, 39.37, 39.37, 0],
		[168, "PAD26_2", 3650, -720, "B", "DIP", "$1N1502", "", "C", 70.866, 70.866, 39.37, 39.37, 0],
		[169, "PAD27_1", 3031.041, -1573.258, "T", "DIP", "$1N2219", "", "R", 66.929, 66.929, 43.308, 43.308, 0],
		[170, "PAD27_1", 3031.041, -1573.258, "B", "DIP", "$1N2219", "", "R", 66.929, 66.929, 43.308, 43.308, 0],
		[171, "PAD28_1", 498.31, -1375, "T", "DIP", "$1N2211", "", "C", 55.118, 55.118, 27.56, 27.56, 0],
		[172, "PAD28_1", 498.31, -1375, "B", "DIP", "$1N2211", "", "C", 55.118, 55.118, 27.56, 27.56, 0],
		[173, "PAD29_2", 911.69, -1375, "T", "DIP", "$1N1515", "", "C", 55.118, 55.118, 27.56, 27.56, 0],
		[174, "PAD29_2", 911.69, -1375, "B", "DIP", "$1N1515", "", "C", 55.118, 55.118, 27.56, 27.56, 0],
		[175, "PAD30_1", 1738.305, -1410, "T", "DIP", "$1N1753", "", "C", 62.992, 62.992, 36, 36, 0],
		[176, "PAD30_1", 1738.305, -1410, "B", "DIP", "$1N1753", "", "C", 62.992, 62.992, 36, 36, 0],
		[177, "PAD31_2", 2151.695, -1410, "T", "DIP", "$1N1669", "", "C", 62.992, 62.992, 36, 36, 0],
		[178, "PAD31_2", 2151.695, -1410, "B", "DIP", "$1N1669", "", "C", 62.992, 62.992, 36, 36, 0],
		[179, "PAD32_2", 675, -1790.005, "T", "DIP", "$1N1753", "", "C", 60, 60, 30, 30, 270],
		[180, "PAD32_2", 675, -1790.005, "B", "DIP", "$1N1753", "", "C", 60, 60, 30, 30, 270],
		[181, "PAD33_1", 675, -1691.575, "T", "DIP", "$1N1808", "", "C", 60, 60, 30, 30, 270],
		[182, "PAD33_1", 675, -1691.575, "B", "DIP", "$1N1808", "", "C", 60, 60, 30, 30, 270],
		[183, "PAD34_3", 675, -1888.425, "T", "DIP", "$1N1753", "", "C", 60, 60, 30, 30, 270],
		[184, "PAD34_3", 675, -1888.425, "B", "DIP", "$1N1753", "", "C", 60, 60, 30, 30, 270],
		[185, "PAD35_1", 1205, -2070, "T", "DIP", "$1N2211", "", "R", 59.055, 59.055, 35.434, 35.434, 90],
		[186, "PAD35_1", 1205, -2070, "B", "DIP", "$1N2211", "", "R", 59.055, 59.055, 35.434, 35.434, 90],
		[187, "PAD36_2", 1205, -1970, "T", "DIP", "$1N1808", "", "C", 59.055, 59.055, 35.434, 35.434, 180],
		[188, "PAD36_2", 1205, -1970, "B", "DIP", "$1N1808", "", "C", 59.055, 59.055, 35.434, 35.434, 180],
		[189, "PAD37_3", 1205, -1870, "T", "DIP", "$1N2219", "", "C", 59.055, 59.055, 35.434, 35.434, 180],
		[190, "PAD37_3", 1205, -1870, "B", "DIP", "$1N2219", "", "C", 59.055, 59.055, 35.434, 35.434, 180],
		[191, "PAD38_4", 1205, -1770, "T", "DIP", "$1N1669", "", "C", 59.055, 59.055, 35.434, 35.434, 180],
		[192, "PAD38_4", 1205, -1770, "B", "DIP", "$1N1669", "", "C", 59.055, 59.055, 35.434, 35.434, 180],
		[193, "PAD39_8", 905, -2070, "T", "DIP", "$1N1669", "", "C", 59.055, 59.055, 35.434, 35.434, 180],
		[194, "PAD39_8", 905, -2070, "B", "DIP", "$1N1669", "", "C", 59.055, 59.055, 35.434, 35.434, 180],
		[195, "PAD40_7", 905, -1970, "T", "DIP", "$1N1753", "", "C", 59.055, 59.055, 35.434, 35.434, 180],
		[196, "PAD40_7", 905, -1970, "B", "DIP", "$1N1753", "", "C", 59.055, 59.055, 35.434, 35.434, 180],
		[197, "PAD41_6", 905, -1870, "T", "DIP", "$1N1808", "", "C", 59.055, 59.055, 35.434, 35.434, 180],
		[198, "PAD41_6", 905, -1870, "B", "DIP", "$1N1808", "", "C", 59.055, 59.055, 35.434, 35.434, 180],
		[199, "PAD42_5", 905, -1770, "T", "DIP", "$1N1830", "", "C", 59.055, 59.055, 35.434, 35.434, 180],
		[200, "PAD42_5", 905, -1770, "B", "DIP", "$1N1830", "", "C", 59.055, 59.055, 35.434, 35.434, 180],
		[201, "PAD43_1", 1625, -2031.3, "T", "DIP", "$1N1474", "", "O", 56.693, 70.866, 31.496, 31.496, 0],
		[202, "PAD43_1", 1625, -2031.3, "B", "DIP", "$1N1474", "", "O", 56.693, 70.866, 31.496, 31.496, 0],
		[203, "PAD44_16", 1625, -1718.7, "T", "DIP", "$1N1669", "", "O", 56.693, 70.866, 31.496, 31.496, 0],
		[204, "PAD44_16", 1625, -1718.7, "B", "DIP", "$1N1669", "", "O", 56.693, 70.866, 31.496, 31.496, 0],
		[205, "PAD45_2", 1725, -2031.3, "T", "DIP", "$1N1443", "", "O", 56.693, 70.866, 31.496, 31.496, 0],
		[206, "PAD45_2", 1725, -2031.3, "B", "DIP", "$1N1443", "", "O", 56.693, 70.866, 31.496, 31.496, 0],
		[207, "PAD46_15", 1725, -1718.7, "T", "DIP", "$1N2211", "", "O", 56.693, 70.866, 31.496, 31.496, 0],
		[208, "PAD46_15", 1725, -1718.7, "B", "DIP", "$1N2211", "", "O", 56.693, 70.866, 31.496, 31.496, 0],
		[209, "PAD47_3", 1825, -2031.3, "T", "DIP", "$1N1415", "", "O", 56.693, 70.866, 31.496, 31.496, 0],
		[210, "PAD47_3", 1825, -2031.3, "B", "DIP", "$1N1415", "", "O", 56.693, 70.866, 31.496, 31.496, 0],
		[211, "PAD48_14", 1825, -1718.7, "T", "DIP", "$1N2219", "", "O", 56.693, 70.866, 31.496, 31.496, 0],
		[212, "PAD48_14", 1825, -1718.7, "B", "DIP", "$1N2219", "", "O", 56.693, 70.866, 31.496, 31.496, 0],
		[213, "PAD49_4", 1925, -2031.3, "T", "DIP", "$1N1452", "", "O", 56.693, 70.866, 31.496, 31.496, 0],
		[214, "PAD49_4", 1925, -2031.3, "B", "DIP", "$1N1452", "", "O", 56.693, 70.866, 31.496, 31.496, 0],
		[215, "PAD50_13", 1925, -1718.7, "T", "DIP", "$1N2211", "", "O", 56.693, 70.866, 31.496, 31.496, 0],
		[216, "PAD50_13", 1925, -1718.7, "B", "DIP", "$1N2211", "", "O", 56.693, 70.866, 31.496, 31.496, 0],
		[217, "PAD51_5", 2025, -2031.3, "T", "DIP", "$1N1481", "", "O", 56.693, 70.866, 31.496, 31.496, 0],
		[218, "PAD51_5", 2025, -2031.3, "B", "DIP", "$1N1481", "", "O", 56.693, 70.866, 31.496, 31.496, 0],
		[219, "PAD52_6", 2125, -2031.3, "T", "DIP", "$1N1488", "", "O", 56.693, 70.866, 31.496, 31.496, 0],
		[220, "PAD52_6", 2125, -2031.3, "B", "DIP", "$1N1488", "", "O", 56.693, 70.866, 31.496, 31.496, 0],
		[221, "PAD53_11", 2125, -1718.7, "T", "DIP", "$1N1502", "", "O", 56.693, 70.866, 31.496, 31.496, 0],
		[222, "PAD53_11", 2125, -1718.7, "B", "DIP", "$1N1502", "", "O", 56.693, 70.866, 31.496, 31.496, 0],
		[223, "PAD54_7", 2225, -2031.3, "T", "DIP", "$1N1462", "", "O", 56.693, 70.866, 31.496, 31.496, 0],
		[224, "PAD54_7", 2225, -2031.3, "B", "DIP", "$1N1462", "", "O", 56.693, 70.866, 31.496, 31.496, 0],
		[225, "PAD55_10", 2225, -1718.7, "T", "DIP", "$1N1469", "", "O", 56.693, 70.866, 31.496, 31.496, 0],
		[226, "PAD55_10", 2225, -1718.7, "B", "DIP", "$1N1469", "", "O", 56.693, 70.866, 31.496, 31.496, 0],
		[227, "PAD56_8", 2325, -2031.3, "T", "DIP", "$1N2211", "", "O", 56.693, 70.866, 31.496, 31.496, 0],
		[228, "PAD56_8", 2325, -2031.3, "B", "DIP", "$1N2211", "", "O", 56.693, 70.866, 31.496, 31.496, 0],
		[229, "PAD57_9", 2325, -1718.7, "T", "DIP", "$1N1495", "", "O", 56.693, 70.866, 31.496, 31.496, 0],
		[230, "PAD57_9", 2325, -1718.7, "B", "DIP", "$1N1495", "", "O", 56.693, 70.866, 31.496, 31.496, 0]
	]
}
}